{
    "$schema": "https://schema.management.azure.com/schemas/2019-04-01/deploymentTemplate.json#",
    "contentVersion": "1.0.0.0",
    "parameters": {
        "diskSizeGB": {
            "type": "int",
            "defaultValue": 30
        },
        "osType": {
            "type": "string",
            "defaultValue": "Linux"
        },
        "vmssName": {
            "type": "string",
            "defaultValue": "tiger-scaleset",
            "metadata": {
                "description": "Name of the VM scale set."
            }
        },
        "instanceCount": {
            "maxValue": 3,
            "defaultValue": 1,
            "type": "Int",
            "metadata": {
                "description": "Number of VM instances (100 or less)."
            }
        },
          "vmnameprefix": {
            "type": "string",
            "defaultValue": "arm"
        },
         "vmSku": {
            "defaultValue": "Standard_DS1_v2",
            "type": "String",
            "metadata": {
                "description": "Size of VMs in the VM Scale Set."
            }
        },
        "scriptFileUri": {
            "type": "string",
            "defaultValue": "https://tfstatebackup999.blob.core.windows.net/mytfstatefile/script.sh"
        }
        
    },
    "functions": [],
    "variables": {
        "snapshotName": "mySnapshot",
        "diskName": "shubhdev-OSDisk",
        "diskName2": "snapshot-manageddisk",
        "snapshotResourceId": "[resourceId('Microsoft.Compute/snapshots', variables('snapshotName'))]",
        "galleryName": "myGallery",
        "galleryImageDefinitionName": "myImageDefinition",
        "imageVersionName": "0.0.1",
        "imageName": "imageforvmss",
        "longNamingInfix": "vmssip",
        "loadBalancerName": "vmsslb",
        "bePoolName": "tiger-backend",
        "natPoolName": "tiger-natpool",
        "lbID": "[resourceId('Microsoft.Network/loadBalancers',variables('loadBalancerName'))]",
        "frontEndIPConfigID": "[concat(variables('lbID'),'/frontendIPConfigurations/loadBalancerFrontEnd')]",
        "natStartPort": 50000,
        "natEndPort": 50119,
        "natBackendPort": 22,
        "virtualNetworkName": "virtualNetworkvmss",
        "subnetName": "Subent-vmss"
    },
    "resources": [
        {
            "name": "[toLower('shubhdevstorage')]",
            "type": "Microsoft.Storage/storageAccounts",
            "apiVersion": "2021-04-01",
            "location": "[resourceGroup().location]",
            "tags": {
                "displayName": "shubhdev Storage Account"
            },
            "sku": {
                "name": "Standard_LRS"
            },
            "kind": "Storage"
        },
        {
            "name": "shubhdev-PublicIP",
            "type": "Microsoft.Network/publicIPAddresses",
            "apiVersion": "2020-11-01",
            "location": "[resourceGroup().location]",
            "tags": {
                "displayName": "PublicIPAddress"
            },
            "properties": {
                "publicIPAllocationMethod": "Dynamic",
                "dnsSettings": {
                    "domainNameLabel": "[toLower('shubhdev')]"
                }
            }
        },
        {
            "name": "shubhdev-nsg",
            "type": "Microsoft.Network/networkSecurityGroups",
            "apiVersion": "2020-11-01",
            "location": "[resourceGroup().location]",
            "properties": {
                "securityRules": [
                    {
                        "name": "nsgRule1",
                        "properties": {
                            "description": "description",
                            "protocol": "Tcp",
                            "sourcePortRange": "*",
                            "destinationPortRange": "22",
                            "sourceAddressPrefix": "*",
                            "destinationAddressPrefix": "*",
                            "access": "Allow",
                            "priority": 100,
                            "direction": "Inbound"
                        }
                    },
                    {
                        "name": "nsgRule2",
                        "properties": {
                            "description": "description",
                            "protocol": "Tcp",
                            "sourcePortRange": "*",
                            "destinationPortRange": "80",
                            "sourceAddressPrefix": "*",
                            "destinationAddressPrefix": "*",
                            "access": "Allow",
                            "priority": 200,
                            "direction": "Inbound"
                        }
                    },
                    {
                        "name": "nsgRule3",
                        "properties": {
                            "description": "description",
                            "protocol": "Tcp",
                            "sourcePortRange": "*",
                            "destinationPortRange": "443",
                            "sourceAddressPrefix": "*",
                            "destinationAddressPrefix": "*",
                            "access": "Allow",
                            "priority": 300,
                            "direction": "Inbound"
                        }
                    }
                ]
            }
        },
        {
            "name": "shubhdev-VirtualNetwork",
            "type": "Microsoft.Network/virtualNetworks",
            "apiVersion": "2020-11-01",
            "location": "[resourceGroup().location]",
            "dependsOn": [
                "[resourceId('Microsoft.Network/networkSecurityGroups', 'shubhdev-nsg')]"
            ],
            "tags": {
                "displayName": "shubhdev-VirtualNetwork"
            },
            "properties": {
                "addressSpace": {
                    "addressPrefixes": [
                        "10.0.0.0/16"
                    ]
                },
                "subnets": [
                    {
                        "name": "shubhdev-VirtualNetwork-Subnet",
                        "properties": {
                            "addressPrefix": "10.0.0.0/24",
                            "networkSecurityGroup": {
                                "id": "[resourceId('Microsoft.Network/networkSecurityGroups', 'shubhdev-nsg')]"
                            }
                        }
                    }
                ]
            }
        },
        {
            "name": "shubhdev-NetworkInterface",
            "type": "Microsoft.Network/networkInterfaces",
            "apiVersion": "2020-11-01",
            "location": "[resourceGroup().location]",
            "dependsOn": [
                "[resourceId('Microsoft.Network/publicIPAddresses', 'shubhdev-PublicIP')]",
                "[resourceId('Microsoft.Network/virtualNetworks', 'shubhdev-VirtualNetwork')]"
            ],
            "tags": {
                "displayName": "shubhdev-NetworkInterface"
            },
            "properties": {
                "ipConfigurations": [
                    {
                        "name": "ipConfig1",
                        "properties": {
                            "privateIPAllocationMethod": "Dynamic",
                            "publicIPAddress": {
                                "id": "[resourceId('Microsoft.Network/publicIPAddresses', 'shubhdev-PublicIP')]"
                            },
                            "subnet": {
                                "id": "[resourceId('Microsoft.Network/virtualNetworks/subnets', 'shubhdev-VirtualNetwork', 'shubhdev-VirtualNetwork-Subnet')]"
                            }
                        }
                    }
                ]
            }
        },
        {
            "name": "shubhdev",
            "type": "Microsoft.Compute/virtualMachines",
            "apiVersion": "2021-03-01",
            "location": "[resourceGroup().location]",
            "dependsOn": [
                "[resourceId('Microsoft.Network/networkInterfaces', 'shubhdev-NetworkInterface')]"
            ],
            "tags": {
                "displayName": "shubhdev"
            },
            "properties": {
                "hardwareProfile": {
                    "vmSize": "Standard_DS1_v2"
                },
                "osProfile": {
                    "computerName": "shubhdev",
                    "adminUsername": "kosta",
                    "adminPassword": "Shubham@12345"
                    // "customData":"filebase64('./script.sh')"
                },
                
                "storageProfile": {
                    "imageReference": {
                        "publisher": "Canonical",
                        "offer": "UbuntuServer",
                        "sku": "18.04-LTS",
                        "version": "latest"
                    },
                    "osDisk": {
                        "name": "shubhdev-OSDisk",
                        "caching": "ReadWrite",
                        "createOption": "FromImage"
                    }
                },
                "networkProfile": {
                    "networkInterfaces": [
                        {
                            "id": "[resourceId('Microsoft.Network/networkInterfaces', 'shubhdev-NetworkInterface')]"
                        }
                    ]
                },
                "diagnosticsProfile": {
                    "bootDiagnostics": {
                        "enabled": true,
                        "storageUri": "[reference(resourceId('Microsoft.Storage/storageAccounts/', toLower('shubhdevstorage'))).primaryEndpoints.blob]"
                    }
                }
            }
        },
        {
            "type": "Microsoft.Compute/virtualMachines/extensions",
            "apiVersion": "2021-03-01",
            "name": "[concat('shubhdev', '/customScript')]",
            "location": "[resourceGroup().location]",
            "dependsOn": [
              "[concat('Microsoft.Compute/virtualMachines/', 'shubhdev')]"
            ],
            "properties": {
              "publisher": "Microsoft.Azure.Extensions",
              "type": "CustomScript",
              "typeHandlerVersion": "2.1",
              "settings": {
                "fileUris": [
                  "[parameters('scriptFileUri')]"
                ],
                "commandToExecute": "bash script.sh"
              }
            }
        },

        {
            "type": "Microsoft.Compute/snapshots",
            "apiVersion": "2021-04-01",
            "name": "[variables('snapshotName')]",
            "location": "[resourceGroup().location]",
            // "dependsOn": [
            //     "[resourceId('Microsoft.Compute/virtualMachines/extensions', concat('shubhdev', '/customScript'))]"
            // ],
            "properties": {
                "creationData": {
                "createOption": "Copy",
                "sourceUri": "[concat('subscriptions/', subscription().subscriptionId, '/resourceGroups/', resourceGroup().name, '/providers/Microsoft.Compute/disks/', variables('diskName'))]"
                }
            }
        },
        {
            "type": "Microsoft.Compute/disks",
            "apiVersion": "2021-04-01",
            "name": "[variables('diskName2')]",
            "location": "[resourceGroup().location]",
            "dependsOn": [
                "[resourceId('Microsoft.Compute/snapshots', variables('snapshotName'))]"
            ],
            "properties": {
                "creationData": {
                "createOption": "Copy",
                "sourceResourceId": "[variables('snapshotResourceId')]"
                },
                "diskSizeGB": "[parameters('diskSizeGB')]",
                "osType": "[parameters('osType')]"
            }
        },
        {
            "type": "Microsoft.Compute/images",
            "name": "[variables('imageName')]",
            "apiVersion": "2020-06-01",
            "location": "[resourceGroup().location]",
            "dependsOn": [
                "[resourceId('Microsoft.Compute/disks', variables('diskName2'))]"
            ],
            "properties": {
            "storageProfile": {
                "osDisk": {
                    "osType": "Linux",
                    "osState": "Generalized",
                    // "name": "[concat(variables('image_name'), '-osdisk')]",
                    "caching": "ReadWrite",
                    "diskSizeGB": 30,
                    "managedDisk": {
                        // "storageAccountType": "Premium_LRS",
                        "id": "[resourceId('Microsoft.Compute/disks', 'snapshot-manageddisk')]"
                    }
                    
                }
            }
            }
        },

        {
            "type": "Microsoft.Compute/galleries",
            "name": "[variables('galleryName')]",
            "apiVersion": "2019-12-01",
            "location": "[resourceGroup().location]",
            "properties": {
                "description": "My first gallery"
            }
        },
        {
            "type": "Microsoft.Compute/galleries/images",
            "name": "[concat(variables('galleryName'), '/', variables('galleryImageDefinitionName'))]",
            "apiVersion": "2019-12-01",
            "location": "[resourceGroup().location]",
            "dependsOn": [
                "[resourceId('Microsoft.Compute/galleries', variables('galleryName'))]"
            ],
            "properties": {
                "description": "Sample Gallery Image Description",
                "osType": "Linux",
                "osState": "Generalized",
                // "endOfLifeDate": "2030-01-01",
                "identifier": {
                "publisher": "myPublisher",
                "offer": "myOffer",
                "sku": "mySku"
                },
                "recommended": {
                "vCPUs": {
                    "min": "1",
                    "max": "64"
                },
                "memory": {
                    "min": "2",
                    "max": "32"
                }
                }
            }
        },
        {
            "type": "Microsoft.Compute/galleries/images/versions",
            "apiVersion": "2022-03-03",
            "name": "[concat(variables('galleryName'), '/myImageDefinition/', variables('imageVersionName'))]",
            "location": "[resourceGroup().location]",
            "dependsOn": [
                "[resourceId('Microsoft.Compute/galleries/images', variables('galleryName'), 'myImageDefinition')]"
            ],
            "properties": {
                "publishingProfile": {
                    "replicaCount": 2,
                    "targetRegions": [
                        { "name": "Central India"
                    }
                ]
                },
                "storageProfile": {
                    "source": {
                        "id": "[resourceId('Microsoft.Compute/images', variables('imageName'))]"
                    }

                }
            }
        },
        {
            "type": "Microsoft.Network/publicIPAddresses",
            "apiVersion": "2021-02-01",
            "name": "arm-public-ip",
            "location": "[resourceGroup().location]",
            // "dependsOn":[
            //     "[resourceId('Microsoft.Compute/galleries/images/versions', 'myGallery/myImageDefinition/0.0.1')]"
            // ],
            "sku": {
                "name": "Standard",
                "tier": "Regional"
            },
            "properties": {
                "publicIPAllocationMethod": "Static",
                "dnsSettings": {
                    "domainNameLabel": "[variables('longNamingInfix')]"
                }
            }
        },
        {
            "type": "Microsoft.Network/loadBalancers",
            "name": "[variables('loadBalancerName')]",
            "apiVersion": "2022-09-01",
            "location": "[resourceGroup().location]",
            "dependsOn": [
                "[resourceId('Microsoft.Network/publicIPAddresses', 'arm-public-ip')]"
            ],
            "sku": {
                "name": "Standard"
            },
            "properties": {
                "frontendIPConfigurations": [
                    {
                        "name": "LoadBalancerFrontEnd",
                        "properties": {
                            "publicIPAddress": {
                                "id": "[resourceId('Microsoft.Network/publicIPAddresses', 'arm-public-ip')]"
                            }
                        }
                    }
                ],
                "backendAddressPools": [
                    {
                        "name": "[variables('bePoolName')]"
                    }
                ],
                
                "inboundNatPools": [
                    {
                        "name": "[variables('natPoolName')]",
                        "properties": {
                            "frontendIPConfiguration": {
                                "id": "[variables('frontEndIPConfigID')]"
                            },
                            "protocol": "tcp",
                            "frontendPortRangeStart": "[variables('natStartPort')]",
                            "frontendPortRangeEnd": "[variables('natEndPort')]",
                            "backendPort": "[variables('natBackendPort')]"
                        }
                    }
                ],
                "loadBalancingRules": [
                    {
                        "name": "lb-rules",
                        "properties": {
                            "frontendIPConfiguration": {
                                "id": "[resourceId('Microsoft.Network/loadBalancers/frontendIPConfigurations', variables('loadBalancerName'), 'LoadBalancerFrontEnd' )]"
                            },
                            "backendAddressPool": {
                                "id": "[resourceId('Microsoft.Network/loadBalancers/backendAddressPools', variables('loadBalancerName'), variables('bePoolName'))]"
                            },
                            "protocol": "Tcp",
                            "frontendPort": 80,
                            "backendPort": 80,
                            "enableFloatingIP": false,
                            "idleTimeoutInMinutes": 5,
                            "probe": {
                                "id": "[resourceId('Microsoft.Network/loadBalancers/probes', variables('loadBalancerName'), 'tcpProbe1')]"
                            }
                        }
                    }
                ],
                "probes": [
                    {
                        "name": "tcpProbe1",
                        "properties": {
                            "protocol": "Tcp",
                            "port": 80,
                            "intervalInSeconds": 5,
                            "numberOfProbes": 2
                        }
                    }
                ]
            }
            
        },
        {
            "name": "vmss-nsg",
            "type": "Microsoft.Network/networkSecurityGroups",
            "apiVersion": "2020-11-01",
            "location": "[resourceGroup().location]",
            "dependsOn": [
                "[resourceId('Microsoft.Network/loadBalancers',variables('loadBalancerName'))]"
            ],
            "properties": {
                "securityRules": [
                    {
                        "name": "nsgRule4",
                        "properties": {
                            "description": "description",
                            "protocol": "Tcp",
                            "sourcePortRange": "*",
                            "destinationPortRange": "22",
                            "sourceAddressPrefix": "*",
                            "destinationAddressPrefix": "*",
                            "access": "Allow",
                            "priority": 100,
                            "direction": "Inbound"
                        }
                    },
                    {
                        "name": "nsgRule5",
                        "properties": {
                            "description": "description",
                            "protocol": "Tcp",
                            "sourcePortRange": "*",
                            "destinationPortRange": "80",
                            "sourceAddressPrefix": "*",
                            "destinationAddressPrefix": "*",
                            "access": "Allow",
                            "priority": 200,
                            "direction": "Inbound"
                        }
                    },
                    {
                        "name": "nsgRule6",
                        "properties": {
                            "description": "description",
                            "protocol": "Tcp",
                            "sourcePortRange": "*",
                            "destinationPortRange": "443",
                            "sourceAddressPrefix": "*",
                            "destinationAddressPrefix": "*",
                            "access": "Allow",
                            "priority": 300,
                            "direction": "Inbound"
                        }
                    }
                ]
            }
        },

        {
            "name": "virtualNetworkvmss",
            "type": "Microsoft.Network/virtualNetworks",
            "apiVersion": "2020-11-01",
            "location": "[resourceGroup().location]",
            "dependsOn": [
                "[resourceId('Microsoft.Network/publicIPAddresses', 'arm-public-ip')]",
                "[resourceId('Microsoft.Network/networkSecurityGroups', 'vmss-nsg')]"
            ],
            "tags": {
                "displayName": "virtualNetworkvmss"
            },
            "properties": {
                "addressSpace": {
                    "addressPrefixes": [
                        "10.0.0.0/16"
                    ]
                },
                    "subnets": [
                        {
                            "name": "Subnet-1",
                            "properties": {
                                "addressPrefix": "10.0.0.0/24"
                            }
                        },
                        {
                            "name": "Subent-vmss",
                            "properties": {
                                "addressPrefix": "10.0.1.0/24",
                                "networkSecurityGroup": {
                                "id": "[resourceId('Microsoft.Network/networkSecurityGroups', 'vmss-nsg')]"
                                }
                            
                            }
                        }
                    ]
            }
        },
        {
            "type": "Microsoft.Compute/virtualMachineScaleSets",
            "name": "[parameters('vmssName')]",
            "location": "[resourceGroup().location]",
            "apiVersion": "2019-12-01",
            "sku": {
            "name": "[parameters('vmSku')]",
            "tier": "Standard",
            "capacity": "[parameters('instanceCount')]"
            },
            "dependsOn": [
                "[resourceId('Microsoft.Network/loadBalancers',variables('loadBalancerName'))]",
                "[resourceId('Microsoft.Network/publicIPAddresses', 'arm-public-ip')]",
                "[resourceId('Microsoft.Network/virtualNetworks', 'virtualNetworkvmss')]",
                "[resourceId('Microsoft.Network/networkSecurityGroups', 'vmss-nsg')]"
                // "[resourceId('Microsoft.Network/virtualNetworks/subnets', 'virtualNetworkvmss', 'Subent-vmss')]"
            ],
            "properties": {
                "overprovision": true,
                "upgradePolicy": {
                    "mode": "Automatic"
                },
                "virtualMachineProfile": {
                    "storageProfile": {
                        "osDisk": {
                            "osType": "Linux",
                            "caching": "ReadWrite",
                            "createOption": "FromImage"
                            
                        },
                        "imageReference": {
                                "id": "/subscriptions/816a394a-c009-43b5-b198-ed5c03e9a05f/resourceGroups/shubharm/providers/Microsoft.Compute/galleries/myGallery/images/myImageDefinition/versions/0.0.1"
                            }
                    },
                    "osProfile": {
                        "computerNamePrefix": "arm-computer",
                        "adminUsername": "kosta",
                        "adminPassword": "Shubham@12345"
                    },
                    "networkProfile": {
                        "networkInterfaceConfigurations": [
                            {
                                "name": "[concat(parameters('vmNamePrefix'), '-nic')]",
                                "properties": {
                                    "primary": true,
                                    "ipConfigurations": [
                                        {
                                            "name": "ipconfig",
                                            "properties": {
                                                "subnet": {
                                                    "id": "[concat('/subscriptions/', subscription().subscriptionId,'/resourceGroups/', resourceGroup().name, '/providers/Microsoft.Network/virtualNetworks/', variables('virtualNetworkName'), '/subnets/', variables('subnetName'))]"
                                                },
                                                "loadBalancerBackendAddressPools": [
                                                    {
                                                        "id": "[concat('/subscriptions/', subscription().subscriptionId,'/resourceGroups/', resourceGroup().name, '/providers/Microsoft.Network/loadBalancers/', variables('loadBalancerName'), '/backendAddressPools/', variables('bePoolName'))]"
                                                    }
                                                ]
                                            }
                                        }
                                    ]
                                }
                            }
                        ]
                    }
                }
            }
        },
        {
        "type": "Microsoft.Insights/autoscaleSettings",
        "apiVersion": "2015-04-01",
        "name": "[concat(parameters('vmssName'), '-autoscalehost')]",
        "location": "[resourceGroup().location]",
        "dependsOn": [
          "[resourceId('Microsoft.Compute/virtualMachineScaleSets', parameters('vmSSName'))]"
        ],
        "properties": {
          "name": "[concat(parameters('vmssName'), '-autoscalehost')]",
          "targetResourceUri": "[resourceId('Microsoft.Compute/virtualMachineScaleSets', parameters('vmSSName'))]",
          "enabled": true,
          "profiles": [
            {
              "name": "Profile1",
              "capacity": {
                "minimum": "1",
                "maximum": "3",
                "default": "1"
              },
              "rules": [
                {
                  "metricTrigger": {
                    "metricName": "Percentage CPU",
                    "metricResourceUri": "[resourceId('Microsoft.Compute/virtualMachineScaleSets', parameters('vmSSName'))]",
                    "timeGrain": "PT1M",
                    "statistic": "Average",
                    "timeWindow": "PT5M",
                    "timeAggregation": "Average",
                    "operator": "GreaterThan",
                    "threshold": 60
                  },
                  "scaleAction": {
                    "direction": "Increase",
                    "type": "ChangeCount",
                    "value": "1",
                    "cooldown": "PT1M"
                  }
                },
                {
                  "metricTrigger": {
                    "metricName": "Percentage CPU",
                    "metricResourceUri": "[resourceId('Microsoft.Compute/virtualMachineScaleSets', parameters('vmSSName'))]",
                    "timeGrain": "PT1M",
                    "statistic": "Average",
                    "timeWindow": "PT5M",
                    "timeAggregation": "Average",
                    "operator": "LessThan",
                    "threshold": 30
                  },
                  "scaleAction": {
                    "direction": "Decrease",
                    "type": "ChangeCount",
                    "value": "1",
                    "cooldown": "PT1M"
                  }
                }
              ]
            }
          ]
        }
    }
    ],
    "outputs": {}
}